id_cuenta,dni,contrase√±a
C0001,60079404,A!f7kLx2vQ
C0002,47957341,Xp3#rTm9zB
C0003,67293205,W@8vLq0kDd
C0004,22644717,U$1tPk7bMn
C0005,65509396,J!4gZn5qWe
C0006,35377468,Q@2eYh3vBc
C0007,11082375,M#5lKd9nHr
C0008,59817196,V&9oTw8pXs
C0009,89402295,L^7mSr2cZt
C0010,70231309,E*6bQv4xNj
C0011,15749648,Pw8#Lc2vRm
C0012,25996700,Af3$Zd7nLp
C0013,74706250,Re5@Kv1mNt
C0014,29725040,Wp9!Tx4oUi
C0015,32047066,E&6sLm2zQj
C0016,96046280,Yz1#Vp3dKl
C0017,13041052,Tq7*Xv6aMj
C0018,35678381,Kr2!Pj5xNe
C0019,74970240,O$8Fkq2mWr
C0020,57588073,H@3Ldvn7Ax
C0021,93225000,Vt7@Lq2mNb
C0022,64230728,Mp9!Gw6tYd
C0023,64057727,Zn3#Kr5xHj
C0024,36495296,Bq4&Xn9vWe
C0025,33829017,Fw1$Rt6zMo
C0026,54073219,Uv5@Np3lDk
C0027,59194572,Sd8^Kz0mVj
C0028,88399616,Lq2#Xp7bAf
C0029,16675476,Ge4*Rt9vKm
C0030,53797712,Kt7$Nj1pLq
C0031,36593166,Rm6!Xc2zWb
C0032,33555247,Pz3#Vn5oKt
C0033,38747306,Nf2@Qx8mDj
C0034,81539792,Uj5$Gz1nTw
C0035,90081722,Hd8&Ls3vMi
C0036,78732601,Ly1@Zq6bNc
C0037,31346574,Qv3!Nm4pXk
C0038,25012273,Jx6#Wt9dYl
C0039,42053310,Tb7^Ro2zKv
C0040,33011597,Kq8*Lm5aVe
C0041,90504810,Vp9!Kz3xNm
C0042,65401869,Fq1$Lt8bRk
C0043,70445797,Ze5^Wm4oYj
C0044,14727756,Uy7#Np2dLc
C0045,61870125,Kr8@Xq5mTf
C0046,14329020,Sb3!Vl6nDp
C0047,52570920,Nw6$Gj0aXv
C0048,78944002,Qp2#Ro8kWy
C0049,74248654,Xt4&Kn3vMu
C0050,94162409,Lz9@Tp6cAb
C0051,43775461,Ap6!Vn4zWq
C0052,71480365,Ht5@Kq3mNb
C0053,90938511,Wz2#Rx9bLu
C0054,21050988,Ud8$Po1vTc
C0055,34282521,Zl7&Nm6aQj
C0056,19123460,Gv4@Xp5dKr
C0057,13765229,Ny3!Lq0mFb
C0058,27328938,Kt6#Zm2oHw
C0059,25769477,Rm1^Sv7pNd
C0060,33982234,Pe5*Qo9bKx
C0061,30185372,Xy4@Mn3vJq
C0062,31212222,Jl6$Kp2oZt
C0063,23900957,Tw2#Lc7bRv
C0064,56498302,Qn3!Rp9mXc
C0065,17315013,Ua7@Vz6dMo
C0066,71834716,Mp1$Tw8kFn
C0067,19854357,Zb9!Kn5oPy
C0068,75739709,Ld4#Xm0vWa
C0069,83416344,Ke8@Zq2cTr
C0070,99357484,Op6$Lv3bGj
C0071,29326466,Wy5!Mt6pQb
C0072,84531388,Xn4#Lg1vKd
C0073,29068952,Hr7@Zp0cNx
C0074,75710289,Jf3$To8bLw
C0075,71426190,Pc8&Nv5mQr
C0076,22549071,Bx6!Rq2vUm
C0077,81711290,Dz9@Kt3oPf
C0078,65647334,Vp2#Ym7nWa
C0079,36368200,Gn5$Lo0bXe
C0080,26191946,Uq1@Pt6mNv
C0081,60079406,miClaveSegura