id_cuenta,dni,contraseña
C0001,60079404,A!f7kLx2vQ
C0002,47957341,Xp3#rTm9zB
C0003,67293205,W@8vLq0kDd
C0004,22644717,U$1tPk7bMn
C0005,65509396,J!4gZn5qWe
C0006,78934562,Q@2eYh3vBc
C0007,51820394,M#5lKd9nHr
C0008,43189276,V&9oTw8pXs
C0009,39481273,L^7mSr2cZt
C0010,81927364,E*6bQv4xNj
C0011,72849105,Pw8#Lc2vRm
C0012,50172368,Af3$Zd7nLp
C0013,68291347,Re5@Kv1mNt
C0014,37629184,Wp9!Tx4oUi
C0015,45820913,E&6sLm2zQj
C0016,59372180,Yz1#Vp3dKl
C0017,38920175,Tq7*Xv6aMj
C0018,84710529,Kr2!Pj5xNe
C0019,64129830,O$8Fkq2mWr
C0020,91284075,H@3Ldvn7Ax
C0021,34529813,Vt7@Lq2mNb
C0022,78645102,Mp9!Gw6tYd
C0023,41298730,Zn3#Kr5xHj
C0024,30571294,Bq4&Xn9vWe
C0025,69238501,Fw1$Rt6zMo
C0026,98721034,Uv5@Np3lDk
C0027,57382901,Sd8^Kz0mVj
C0028,20938476,Lq2#Xp7bAf
C0029,73481295,Ge4*Rt9vKm
C0030,58937204,Kt7$Nj1pLq
C0031,13487265,Rm6!Xc2zWb
C0032,60491827,Pz3#Vn5oKt
C0033,92810345,Nf2@Qx8mDj
C0034,38472019,Uj5$Gz1nTw
C0035,87912048,Hd8&Ls3vMi
C0036,61938475,Ly1@Zq6bNc
C0037,74392018,Qv3!Nm4pXk
C0038,57438210,Jx6#Wt9dYl
C0039,48120937,Tb7^Ro2zKv
C0040,32947581,Kq8*Lm5aVe
C0041,29485713,Vp9!Kz3xNm
C0042,83472910,Fq1$Lt8bRk
C0043,40298573,Ze5^Wm4oYj
C0044,69201834,Uy7#Np2dLc
C0045,19834720,Kr8@Xq5mTf
C0046,71503928,Sb3!Vl6nDp
C0047,83719402,Nw6$Gj0aXv
C0048,92318476,Qp2#Ro8kWy
C0049,15829403,Xt4&Kn3vMu
C0050,27834196,Lz9@Tp6cAb
C0051,83921045,Ap6!Vn4zWq
C0052,64092813,Ht5@Kq3mNb
C0053,38475029,Wz2#Rx9bLu
C0054,51827394,Ud8$Po1vTc
C0055,27483091,Zl7&Nm6aQj
C0056,98174265,Gv4@Xp5dKr
C0057,16038274,Ny3!Lq0mFb
C0058,47293018,Kt6#Zm2oHw
C0059,84019237,Rm1^Sv7pNd
C0060,59128304,Pe5*Qo9bKx
C0061,43982715,Xy4@Mn3vJq
C0062,60491823,Jl6$Kp2oZt
C0063,29485017,Tw2#Lc7bRv
C0064,18572094,Qn3!Rp9mXc
C0065,80712349,Ua7@Vz6dMo
C0066,43920187,Mp1$Tw8kFn
C0067,32048591,Zb9!Kn5oPy
C0068,58792013,Ld4#Xm0vWa
C0069,39018247,Ke8@Zq2cTr
C0070,74298301,Op6$Lv3bGj
C0071,84392017,Wy5!Mt6pQb
C0072,57210934,Xn4#Lg1vKd
C0073,92038475,Hr7@Zp0cNx
C0074,21834905,Jf3$To8bLw
C0075,30184729,Pc8&Nv5mQr
C0076,50938271,Bx6!Rq2vUm
C0077,68392014,Dz9@Kt3oPf
C0078,84321906,Vp2#Ym7nWa
C0079,93047218,Gn5$Lo0bXe
C0080,48293017,Uq1@Pt6mNv
C0081,31849270,Xe4@Zv9kLu
C0082,74291083,Nz3#Lt2oWf
C0083,30948127,Ry7$Pq1mXj
C0084,91283047,Fs5!Ko6vNd
C0085,50947382,Qm2@Vr3bWt
C0086,75819204,Tk8^Yn5oCu
C0087,64391827,Am4#Zp0nLq
C0088,18724059,Hp6$Lo9dVs
C0089,29487031,Bq1@Xt8mWe
C0090,83912067,Lj9!Kp3bYt
C0091,61238497,Zn5#Rw2mTv
C0092,40298374,Ku8@Xp6cNd
C0093,27834019,Wx3!Tv0oLj
C0094,58473029,Ej2$Kn5vBp
C0095,90728361,Hr6&Pt3bLc
C0096,30291847,Mf1@Zq7oWu
C0097,17820395,Pv4#Xn0dKr
C0098,69018340,Lo9@Vm6pYj
C0099,84302719,Gb5!Kt3bNx
C0100,48293040,Ut7^Qp2mZr
1746659259493,60079403,A!f7kLx2vQ
1746659499553,60079408,A!f7kLx2vQ
